solver,problem,nodecount,edges,anchors,totaliterations,population,deIteration,distFraction,testcase,time ms :_lbfgs,threads:_lbfgs,iterations:_lbfgs,final f: _lbfgs,fevaluations: _lbfgs,optimizer_lbfgs,time ms :_gd,threads:_gd,iterations:_gd,final f: _gd,fevaluations: _gd,optimizer_gd
OPTIMIZER_MIN_DE,3DRandom1,10.0,13.0,10.0,50000.0,5.0,0.0,0.1,0, 28564.744141,128,797,412724564665.19196,50000,LBFGS, 25441.609375,128,1400,412724564665.192,50003,GD
OPTIMIZER_MIN_DE,3DRandom1,10.0,9.0,10.0,50000.0,20.0,0.0,0.5,9, 32341.445312,128,963,361903366465.0119,50025,LBFGS, 26567.171875,128,2082,361903432483.4867,50015,GD
OPTIMIZER_MIN_DE,3DRandom1,100.0,319.0,100.0,50000.0,5.0,0.0,0.1,0, 64404.867188,128,1141,2980467920791.3804,50002,LBFGS, 52560.312500,128,2040,2980467920791.6675,50003,GD
OPTIMIZER_MIN_DE,3DRandom1,100.0,310.0,100.0,50000.0,20.0,0.0,0.5,1, 71079.031250,128,1009,2808344225113.798,35522,LBFGS, 55256.503906,128,2024,2808630459111.4087,50004,GD
OPTIMIZER_MIN_DE,3DRandom1,1000.0,3422.0,1000.0,50000.0,20.0,0.0,0.1,9, 617356.125000,128,1051,32101024693947.645,28046,LBFGS, 480260.406250,128,2034,32101024850070.28,50021,GD
OPTIMIZER_MIN_DE,3DRandom1,1000.0,3455.0,1000.0,50000.0,5.0,4.0,0.5,6, 585193.875000,128,384,31820984425602.125,10013,LBFGS, 458311.500000,128,394,31949314734843.97,10018,GD
