{
    "experiments": {
        "Schwefel223-500": {
            "baseLevel-problemId": "SCHWEFEL223",
            "baseLevel-xDim": 500,
            "trials": [
                {
                    "med_+_iqr": 345804685448.5538,
                    "performanceSamples": [
                        313847576485.6358,
                        270444840559.1282,
                        322669721210.76385,
                        294687477880.9231,
                        268446852970.63812,
                        308046517262.87915,
                        318025909797.4087,
                        358062864640.3408,
                        263372677117.0989,
                        295576967660.48145,
                        311615052785.7137,
                        311647510842.33026,
                        273766118651.3321,
                        302793778549.34656,
                        306755039473.99615,
                        267245669034.46045,
                        308469131849.5627,
                        317378553271.5515,
                        292547962305.8357,
                        318525369543.26465,
                        329053054848.4556,
                        334758894951.1507,
                        341536587249.1511,
                        299607420343.3859,
                        280563774598.7644,
                        266345604721.0143,
                        311247824260.70483,
                        264037282197.64917,
                        296965853041.7167,
                        253072057998.89072
                    ]
                },
                {
                    "med_+_iqr": 315167930585.5431,
                    "performanceSamples": [
                        282680800864.88477,
                        230361277675.52637,
                        263166853457.10196,
                        260807242249.55075,
                        274264943296.74936,
                        259870400423.38004,
                        302194771451.09717,
                        276063562193.0451,
                        293961885309.7052,
                        307706195378.49817,
                        258887660323.98328,
                        296169964780.9103,
                        309220488957.92017,
                        291303665867.76575,
                        305456128758.82983,
                        304589319014.5584,
                        283991626148.61816,
                        311883612620.1251,
                        339879508823.222,
                        268392795523.07727,
                        272449675942.48212,
                        282503882103.72424,
                        270249024249.80334,
                        288201877685.82635,
                        263924248978.02917,
                        231601736042.74,
                        274961592572.32263,
                        312433636609.80804,
                        293927609836.40247,
                        286934080281.3739
                    ]
                },
                {
                    "med_+_iqr": 315167930585.5431,
                    "performanceSamples": [
                        275421892666.50085,
                        302426239680.1217,
                        300069149463.91846,
                        272776888893.31982,
                        280646970667.15125,
                        291307194798.1034,
                        284302013863.85223,
                        284179101282.8071,
                        294559562769.7049,
                        321056978228.4088,
                        315601281612.67004,
                        301750471258.97833,
                        281958258933.67505,
                        332155012536.2367,
                        313943473852.41003,
                        295593660076.27014,
                        307756288708.60974,
                        300003367899.9049,
                        289185177239.8656,
                        329025454544.4768,
                        317252716110.3657,
                        292603286431.7636,
                        325859932450.9764,
                        254419268190.93042,
                        273560556909.73764,
                        301784592251.1225,
                        316665262323.45996,
                        304071619051.0829,
                        299853253753.10895,
                        264829729771.78265
                    ]
                },
                {
                    "med_+_iqr": 60648476216.34591,
                    "performanceSamples": [
                        33880966619.142002,
                        64511318279.69633,
                        38088955447.69173,
                        46179905557.71979,
                        58872259760.16782,
                        26268621696.19007,
                        32948286215.508736,
                        40378383783.096565,
                        53029361494.96797,
                        39627212904.95392,
                        30454942146.210228,
                        55989219328.86464,
                        38493023234.9827,
                        25727256507.245026,
                        32617957481.59119,
                        28430152566.34816,
                        26423947518.747337,
                        38199955528.70344,
                        46957302415.78638,
                        30639274659.21206,
                        54655476818.26102,
                        70397295139.70485,
                        34212439033.58384,
                        71164732507.9508,
                        47951105864.614,
                        31742554067.493988,
                        67352431971.11749,
                        32560182409.257694,
                        29535745415.844894,
                        56584843824.52281
                    ]
                },
                {
                    "med_+_iqr": 54931537039.60004,
                    "performanceSamples": [
                        34506796396.529396,
                        55244802426.63133,
                        63308160853.176315,
                        32161634411.452953,
                        49309230088.74641,
                        36764343732.20366,
                        28752563043.59195,
                        39809521319.39726,
                        21698557930.773224,
                        32662151958.25787,
                        33904513130.700356,
                        48451374468.929016,
                        40071238311.41218,
                        34899159124.65684,
                        32194778397.019577,
                        36313350458.65838,
                        54674804345.00291,
                        44797013088.77066,
                        54731298373.12649,
                        50498790123.87221,
                        48352567825.14749,
                        28366157888.6586,
                        32025571600.40396,
                        40199970055.845024,
                        53280402511.7998,
                        39145691646.57252,
                        36423880219.46181,
                        41395174349.104645,
                        30887307922.349945,
                        47370653244.4546
                    ]
                }
            ]
        }
    }
}